{
  "logo0": "timer-rewind.bmp",
  "logo1": "timer-play-pause.bmp",
  "logo2": "timer-fast-forward.bmp",
  "logo3": "race_start.bmp",
  "logo4": "race-false-start.bmp",
  "button0": {
    "latch": false,
    "latchlogo": "brightnessup.bmp",
    "actionarray": [
      "5",
      "8",
      "0"
    ],
    "valuearray": [
      "1",
      ";",
      "0"
    ]
  },
  "button1": {
    "latch": false,
    "latchlogo": "brightnessup.bmp",
    "actionarray": [
      "5",
      "8",
      "0"
    ],
    "valuearray": [
      "1",
      "/",
      "0"
    ]
  },
  "button2": {
    "latch": false,
    "latchlogo": "brightnessup.bmp",
    "actionarray": [
      "5",
      "4",
      "0"
    ],
    "valuearray": [
      "1",
      "l",
      "0"
    ]
  },
  "button3": {
    "latch": false,
    "latchlogo": "brightnessup.bmp",
    "actionarray": [
      "6",
      "5",
      "4"
    ],
    "valuearray": [
      "5",
      "1",
      "s"
    ]
  },
  "button4": {
    "latch": false,
    "latchlogo": "brightnessup.bmp",
    "actionarray": [
      "5",
      "4",
      "0"
    ],
    "valuearray": [
      "1",
      "h",
      "0"
    ]
  }
}